league_id,season_id,team_id,player_id,position,matches,minutes,goals,xg,np_goals,np_xg,assists,xa,shots,key_passes,yellow_cards,red_cards,xg_chain,xg_buildup
1,2023,83,5603,GK,6,540,0,0.0,0,0.0,0,0.0,0,0,0,0,0.7832736372947693,0.7832736372947693
1,2023,83,7298,D S,37,3024,4,2.015913512557745,4,2.015913512557745,4,4.758832193911076,13,38,8,0,20.14929211512208,17.290449742227793
1,2023,83,7322,F,35,2990,16,16.807056225836277,10,12.240043208003044,8,11.325986489653587,107,89,4,0,30.357597015798092,13.228619534522295
1,2023,83,847,S,3,44,0,0.0,0,0.0,0,0.0,0,0,0,0,0.19675532914698124,0.19675532914698124
1,2023,83,9676,GK,32,2880,0,0.0,0,0.0,0,0.0,0,0,2,0,7.5175920985639095,7.5175920985639095
1,2023,83,5553,M S,38,3256,7,3.186093623749912,7,3.186093623749912,8,5.895036246627569,58,47,5,0,19.678100544027984,16.131323732435703
1,2023,83,6482,F S,27,1036,5,5.057408779859543,5,5.057408779859543,2,1.209644090384245,38,9,3,0,5.851144388318062,0.9911122377961874
1,2023,83,7230,M S,13,325,0,1.5201803892850876,0,1.5201803892850876,1,0.24036412686109543,15,4,0,0,3.7657799795269966,2.0563183277845383
1,2023,83,11132,S,1,6,0,0.0,0,0.0,0,0.024536216631531715,0,1,0,0,0.024536216631531715,0.024536216631531715
1,2023,83,11007,M S,11,277,1,1.164049606770277,0,0.4028807692229748,2,1.3098269253969193,7,5,0,1,1.5897186901420355,0.29259338416159153
1,2023,83,5613,D S,36,3050,3,4.025354804471135,3,4.025354804471135,0,0.8747859355062246,31,3,4,0,13.232404409907758,12.333239757455885
1,2023,83,5543,F S,27,1496,4,7.291733928024769,4,7.291733928024769,5,4.235467437654734,55,28,6,0,15.054804097861052,5.210432682186365
1,2023,83,7752,F S,35,2056,6,7.1196701768785715,6,7.1196701768785715,4,5.3229342848062515,58,46,1,0,16.80896869674325,6.638341135345399
1,2023,83,10012,D S,20,953,1,1.1961752735078335,1,1.1961752735078335,3,0.9080287516117096,6,6,1,0,5.180064149200916,3.9905764758586884
1,2023,83,1389,M S,24,911,0,0.08004274033010006,0,0.08004274033010006,2,1.5529427882283926,4,10,1,0,6.152929972857237,5.498104698956013
1,2023,83,11707,D S,2,70,0,0.0,0,0.0,0,0.0,0,0,2,0,0.2789519429206848,0.2789519429206848
1,2023,83,5220,F M S,37,2651,13,13.465729914605618,12,12.704561084508896,7,5.814370539039373,69,45,11,0,24.790123470127583,9.346141943708062
1,2023,83,7698,F M S,34,1649,12,9.575767548754811,12,9.575767548754811,1,3.252073733136058,60,24,2,0,16.976479506120086,5.5028668232262135
1,2023,83,2517,M,35,3117,8,7.670226177200675,6,6.147925289347768,10,11.577396512031555,77,102,2,0,29.81505699455738,18.138023640960455
1,2023,83,496,S,3,18,0,0.0575435645878315,0,0.0575435645878315,0,0.0,2,0,0,0,0.154712975025177,0.0971694067120552
1,2023,83,2958,D S,27,1742,1,0.5664580916054547,1,0.5664580916054547,2,3.02644526027143,17,29,2,0,9.755152989178896,8.132995340973139
1,2023,83,6492,F S,15,215,0,0.23842556215822697,0,0.23842556215822697,0,0.6414464898407459,4,5,1,0,3.198990484699607,2.478929640725255
1,2023,83,7931,D S,22,1106,2,1.6189159248024225,2,1.6189159248024225,1,0.5923872366547585,17,6,0,1,3.8184002935886383,3.4134652838110924
1,2023,83,2328,D M S,14,793,0,0.36420316621661186,0,0.36420316621661186,0,0.4302750788629055,8,6,3,0,5.986752610653639,5.494942259043455
1,2023,83,6888,D,38,3420,2,2.367191250436008,2,2.367191250436008,1,0.24890925362706184,10,6,4,0,16.631769336760044,16.434827260673046
1,2023,71,695,S,2,7,0,0.0,0,0.0,0,0.0,0,0,0,0,0.0,0.0
1,2023,71,5789,M,20,1686,0,0.14352729450911283,0,0.14352729450911283,1,1.0960499802604318,5,20,7,1,9.230381686240435,8.439194424077868
1,2023,71,508,M S,5,137,0,0.0,0,0.0,1,0.05676691234111786,0,1,1,0,0.6117476709187031,0.6117476709187031
1,2023,71,9912,F M S,30,1870,4,5.785084556788206,4,5.785084556788206,1,2.983854740858078,41,24,2,0,9.17532782163471,1.594775709323585
1,2023,71,5050,D,14,1167,0,0.9835287630558014,0,0.9835287630558014,1,0.8562045320868492,7,2,3,0,7.290762335062027,7.290762335062027
1,2023,71,5712,D S,27,1784,0,1.8101312145590782,0,1.8101312145590782,0,0.1100177364423871,9,4,4,0,5.879810709506273,5.67356039211154
1,2023,71,6122,M,35,3043,9,7.572099968791008,5,4.527424611151218,5,5.288189608603716,48,53,12,0,17.31126916781068,13.624405791983008
1,2023,71,4401,GK,34,3022,0,0.0,0,0.0,0,0.018454523757100105,0,1,4,0,9.158851562067866,9.140397010371089
1,2023,71,7726,D,35,3090,1,2.3284507524222136,1,2.3284507524222136,0,0.6873185783624649,19,8,5,0,14.659921541810036,13.562622778117657
1,2023,71,12581,S,1,1,0,0.0,0,0.0,0,0.0,0,0,0,0,0.0,0.0
1,2023,71,8941,M S,16,824,1,2.316869243979454,1,2.316869243979454,1,0.9168627075850964,19,9,2,0,5.194736570119858,2.25878119841218
1,2023,71,9415,S,1,1,0,0.0,0,0.0,0,0.0,0,0,0,0,0.10713136941194534,0.10713136941194534
1,2023,71,11366,F S,23,394,5,1.9487376604229212,5,1.9487376604229212,0,0.2149669798091054,20,4,5,0,3.182466324418783,1.1166265159845352
1,2023,71,7723,M,35,3053,6,4.672283694148064,6,4.672283694148064,4,5.626847393810749,40,45,9,1,20.780676677823067,13.845141869038343
1,2023,71,9409,S,3,3,0,0.0,0,0.0,0,0.0,0,0,0,0,0.0,0.0
1,2023,71,7236,M S,8,117,1,0.8101427890360355,1,0.8101427890360355,0,0.0,2,0,0,0,0.636492345482111,0.5911310315132141
1,2023,71,5221,F M S,35,2112,10,6.4655649326741695,10,6.4655649326741695,9,10.299157902598381,53,51,5,0,17.98974223807454,6.671372391283512
1,2023,71,1823,D S,33,2406,1,1.2978818826377392,1,1.2978818826377392,3,2.9300744011998177,20,37,7,0,10.579740032553673,9.227116078138351
1,2023,71,8864,D M S,29,2142,2,4.486114578321576,2,4.486114578321576,2,2.969944916665554,33,13,8,0,14.261767610907555,8.849687004461884
1,2023,71,12412,M S,11,652,3,1.086574248969555,3,1.086574248969555,1,0.9047513920813799,11,9,3,0,3.6785017512738705,2.2780009116977453
1,2023,71,6556,F M S,38,2233,6,6.457844961434603,6,6.457844961434603,8,8.6211255826056,54,46,1,0,17.952719137072563,6.211081475019455
1,2023,71,6686,F M S,25,820,2,3.7046729400753975,2,3.7046729400753975,0,0.6395295020192862,27,10,7,0,5.261115295812488,1.7181058693677187
1,2023,71,8865,F,37,3250,19,19.26459836959839,19,19.26459836959839,13,7.745744535699487,106,45,4,0,29.229417741298676,5.899641819298267
1,2023,71,11739,S,2,25,0,0.04926174506545067,0,0.04926174506545067,0,0.0,1,0,0,0,0.04926174506545067,0.0
1,2023,71,6221,D S,29,2467,2,1.5308636222034693,2,1.5308636222034693,0,0.6226628543809056,12,8,1,0,12.13946529570967,11.884302482940257
1,2023,71,488,S,2,18,0,0.14225715398788452,0,0.14225715398788452,0,0.0,3,0,0,0,0.14225715398788452,0.011847329325973988
1,2023,71,6962,GK S,5,398,0,0.0,0,0.0,0,0.0,0,0,0,0,0.27475402504205704,0.27475402504205704
1,2023,71,9554,M S,9,136,0,0.0,0,0.0,0,0.0,0,0,0,0,0.08667697012424469,0.08667697012424469
1,2023,71,1024,D,1,30,0,0.01415904238820076,0,0.01415904238820076,0,0.13778242468833923,1,1,0,0,0.13778242468833923,0.0
1,2023,71,5956,F M S,32,1580,2,1.0049287639558315,2,1.0049287639558315,6,3.0543287601321936,14,18,3,0,10.675306875258684,8.060789976269007
1,2023,71,4120,D S,21,1033,2,1.4437588155269623,2,1.4437588155269623,0,1.1591111738234758,8,11,2,0,6.872497453354299,4.588940887711942
1,2023,73,825,D S,28,2185,0,0.03963742405176163,0,0.03963742405176163,2,1.4616671204566956,2,17,6,0,7.450475042685866,6.158073959872127
1,2023,73,12149,M S,23,997,1,0.6420764941722155,1,0.6420764941722155,1,2.070768877863884,15,22,3,0,4.81823368743062,2.62489465624094
1,2023,73,11363,M S,33,2141,8,6.423830641433597,8,6.423830641433597,2,3.799709178507328,70,29,7,0,15.41077795997262,5.7127093356102705
1,2023,73,7384,D S,10,610,0,0.0895473062992096,0,0.0895473062992096,1,0.474224217236042,1,3,2,0,1.9734333753585815,1.9348021671175957
1,2023,73,9662,D F M S,30,1200,1,2.8214692445471883,1,2.8214692445471883,2,1.69136568531394,30,17,3,0,5.184925131499767,3.1382908783853054
1,2023,73,6820,M S,13,241,1,2.2037018723785877,1,2.2037018723785877,1,0.9074392039328814,13,8,1,0,3.8162245713174343,0.9324527494609356
1,2023,73,11300,S,1,1,0,0.0,0,0.0,0,0.0,0,0,0,0,0.0,0.0
1,2023,73,1679,F S,38,3346,19,21.40683087334037,17,19.12332433462143,3,3.5437498800456524,109,39,3,0,22.5880119279027,4.080137750133872
1,2023,73,6219,F S,16,283,2,4.017524182796478,2,4.017524182796478,2,1.2090652771294117,23,5,1,0,3.646910510957241,0.7151226531714201
1,2023,73,6986,S,3,32,0,0.13743155915290117,0,0.13743155915290117,0,0.05982113257050514,3,1,0,0,0.5355859631672502,0.33833327889442444
1,2023,73,11486,D,37,3330,1,1.736923448741436,1,1.736923448741436,0,0.38277394138276577,8,7,5,0,9.300164757296443,9.114820940420032
1,2023,73,1830,GK,2,180,0,0.0,0,0.0,0,0.0,0,0,0,0,0.0,0.0
1,2023,73,10746,M S,3,153,0,0.07687148451805115,0,0.07687148451805115,0,0.0,2,0,1,0,0.15334434807300568,0.07647287100553513
1,2023,73,10747,D S,5,74,0,0.0,0,0.0,0,0.0,0,0,0,0,0.14408478140830994,0.14408478140830994
1,2023,73,561,M S,11,370,0,0.04971148632466793,0,0.04971148632466793,0,0.1371351620182395,2,4,0,0,1.69688056781888,1.6346725337207317
1,2023,73,6963,M S,32,2029,7,7.296913180500269,7,7.296913180500269,1,1.6692864689975977,56,21,5,0,11.757105719298124,4.571535241790116
1,2023,73,10743,S,8,76,1,1.2537736184895039,1,1.2537736184895039,0,0.4799897577613592,6,2,0,0,1.9978741817176342,0.7897170707583427
1,2023,73,1789,D M S,33,2799,0,0.4126169476658106,0,0.4126169476658106,3,3.6777359638363123,12,46,5,1,11.350567385554314,8.91490264236927
1,2023,73,8090,D S,23,1567,0,0.3132251426577568,0,0.3132251426577568,1,1.6466527543962002,4,9,2,0,5.733856109902263,4.144671676680446
1,2023,73,10866,M S,20,670,2,2.296443399041891,2,2.296443399041891,2,2.3218660429120064,27,19,0,0,4.859211741015315,2.420190142467618
1,2023,73,10864,D S,31,2253,4,2.3658602572977543,4,2.3658602572977543,5,1.8848512191325426,13,22,13,0,8.664394936524332,7.699831395410001
1,2023,73,10741,F M S,30,2163,3,4.385046798735857,3,4.385046798735857,4,6.264871651306748,53,44,3,0,14.908875443041325,7.105101251974702
1,2023,73,7582,GK,4,360,0,0.0,0,0.0,0,0.0,0,0,0,0,0.0,0.0
1,2023,73,7688,D S,20,1219,0,0.047610869631171227,0,0.047610869631171227,1,0.8764500692486763,2,7,1,0,3.960431007668376,3.3971939999610186
1,2023,73,11709,D M S,28,1982,0,1.6971189985051751,0,1.6971189985051751,1,1.3916718121618032,16,13,4,1,7.389515491202474,5.424490239471197
1,2023,73,1297,GK,32,2880,0,0.0,0,0.0,0,0.0,0,0,5,0,4.502189245074987,4.502189245074987
1,2023,73,6034,M S,29,1359,2,2.870723254047334,2,2.870723254047334,2,3.7171403001993895,30,23,3,1,7.183791579678655,2.8327820003032684
1,2023,73,6420,S,5,21,0,0.13081937655806541,0,0.13081937655806541,0,0.0,2,0,1,0,0.14801255241036415,0.14801255241036415
1,2023,73,10744,M S,37,2974,0,2.0325705148279667,0,2.0325705148279667,5,6.359501954168081,43,53,6,0,14.907791091129184,9.681732330471277
1,2023,73,7352,M S,3,111,0,0.0,0,0.0,0,0.09760691225528717,0,1,0,0,0.5493647493422031,0.45175783708691597
1,2023,244,8942,D,9,749,0,0.19348732568323612,0,0.19348732568323612,0,0.04746435210108757,7,1,5,0,1.1258890461176634,0.9994768127799034
1,2023,244,1654,D S,16,1290,2,1.4556071758270264,2,1.4556071758270264,0,0.24989730305969715,10,6,1,1,1.8442281931638718,1.3644802905619144
1,2023,244,6552,F S,25,1954,9,9.158370908349752,6,6.874864336103201,6,5.14017678797245,53,32,2,0,15.155989956110716,6.123919734731317
1,2023,244,7083,M S,31,2556,2,3.1722932122647762,2,3.1722932122647762,1,2.970704079605639,36,24,8,0,9.006961837410927,6.332392172887921
1,2023,244,9678,D S,29,2521,2,3.382065122947097,2,3.382065122947097,0,0.5834191367030144,19,4,1,0,5.525476990267634,4.4719733241945505
1,2023,244,9681,M S,26,1124,1,2.0069142188876867,1,2.0069142188876867,2,1.8476180955767632,22,12,8,0,6.113463159650564,2.3846182618290186
1,2023,244,998,F S,17,1447,4,7.132677088491619,4,7.132677088491619,2,2.186188329011202,51,13,5,0,7.6502086371183395,1.1057295147329569
1,2023,244,10405,S,3,16,0,0.0,0,0.0,0,0.12691843509674072,0,2,0,0,0.10939022153615952,0.0
1,2023,244,10809,D F S,30,1432,3,8.581757307052612,3,8.581757307052612,1,1.6146608591079712,43,13,0,0,9.344955435022712,1.25881989300251
1,2023,244,9156,F S,11,299,2,1.4017144106328487,2,1.4017144106328487,1,0.9465273916721344,8,4,0,0,2.1139008942991495,0.1965943891555071
1,2023,244,9677,D S,28,1845,2,1.4675675723701715,2,1.4675675723701715,1,2.600812576711178,12,12,5,0,5.710211778059602,3.668103391304612
1,2023,244,9685,D S,34,2009,1,1.1281067915260792,1,1.1281067915260792,2,2.064798539504409,7,15,1,0,6.286723421886563,4.37823604606092
1,2023,244,7047,GK,37,3293,0,0.0,0,0.0,1,0.29118523746728897,0,3,3,0,4.7133525144308805,4.524704350158572
1,2023,244,7166,M S,32,2294,3,0.689183003269136,3,0.689183003269136,3,4.908007476478815,14,41,5,0,11.096407827921212,9.512499671429396
1,2023,244,11487,S,8,35,0,0.08374244254082441,0,0.08374244254082441,0,0.0,3,0,0,0,0.20455775130540133,0.12081530690193176
1,2023,244,8859,M S,23,797,0,0.8753717057406902,0,0.8753717057406902,2,2.291341120377183,9,10,2,0,4.728561159223318,2.396734122186899
1,2023,244,10205,S,3,3,0,0.0,0,0.0,0,0.011411809362471104,0,1,0,0,0.16001979354768991,0.1486079841852188
1,2023,244,9733,D S,32,2647,1,1.9630648605525494,1,1.9630648605525494,1,2.0567236468195915,10,11,3,0,7.091836112551391,4.629758290015161
1,2023,244,3621,F S,31,1381,6,7.23018298856914,6,7.23018298856914,3,2.382636667229235,42,16,8,0,11.593444548547268,3.028178656473756
1,2023,244,9679,D,5,401,0,0.045370095409452915,0,0.045370095409452915,1,0.7904934585094452,2,4,1,0,2.13233545422554,1.4655016660690308
1,2023,244,7069,D S,19,701,1,0.302081985399127,1,0.302081985399127,0,1.0297286342829466,9,10,5,0,2.3261738447472453,2.0678049931302667
1,2023,244,7187,D S,25,1539,0,1.177430784329772,0,1.177430784329772,4,3.6384903844445944,17,28,7,1,6.459852248430252,3.6084673702716827
1,2023,244,9914,M S,10,203,1,0.8607992753386497,1,0.8607992753386497,1,0.4303002767264843,2,4,1,0,1.3308127243071795,0.26521478593349457
1,2023,244,1214,GK S,2,127,0,0.0,0,0.0,0,0.0,0,0,0,0,0.0,0.0
1,2023,244,9680,D M S,38,3137,1,2.0162796927616,1,2.0162796927616,3,4.314206030219793,21,37,8,0,12.40513951331377,9.032909959554672
1,2023,244,11772,M S,27,619,0,1.0328057277947664,0,1.0328057277947664,0,0.08315489068627357,11,3,2,0,3.1682952363044024,2.1086901389062405
1,2023,244,5786,F S,34,2556,12,11.16999962553382,12,11.16999962553382,3,3.828521143645048,67,29,7,0,16.368419870734215,4.587590790353715
1,2023,244,6030,D S,14,1082,1,0.6000314559787512,1,0.6000314559787512,0,0.9500103443861008,8,6,4,0,4.571010607294738,3.7045516846701503
1,2023,220,486,M S,25,875,0,0.7641588356345892,0,0.7641588356345892,1,1.4911685585975647,11,15,2,0,4.825282486155629,2.9767271457239985
1,2023,220,7699,D S,15,1146,0,0.4553392454981804,0,0.4553392454981804,0,0.21061718463897705,8,5,1,0,6.527007706463337,6.405847318470478
1,2023,220,7967,F M S,19,456,2,3.8195773735642433,2,3.8195773735642433,0,0.6551500093191862,26,6,2,0,5.572026334702969,1.621451124548912
1,2023,220,11711,GK,21,1890,0,0.0,0,0.0,0,0.0,0,0,3,0,3.662125539034605,3.662125539034605
1,2023,220,12204,S,5,22,0,0.020216230303049088,0,0.020216230303049088,0,0.09631666541099548,1,1,1,0,0.26968415826559067,0.1531512588262558
1,2023,220,7988,M S,30,2154,0,0.7286842339672148,0,0.7286842339672148,1,2.0903379926458,25,22,8,1,17.74679738096893,16.257044926285744
1,2023,220,10527,M S,27,1303,0,0.7727098371833563,0,0.7727098371833563,0,0.44668083963915706,21,8,7,0,5.224796708673239,4.549104126170278
1,2023,220,501,F M S,29,1723,5,6.242080001160502,5,6.242080001160502,1,2.18816620670259,40,22,4,0,13.546813283115625,7.474573427811265
1,2023,220,5136,D S,19,1239,2,1.034091948531568,2,1.034091948531568,3,3.28635298833251,11,26,4,0,8.131439451128244,5.950095744803548
1,2023,220,10177,F S,27,1364,6,3.9660524409264326,6,3.9660524409264326,0,0.6511713527143002,33,6,1,0,6.868808541446924,2.484281620942056
1,2023,220,11362,F M S,27,1408,3,2.974676702171564,3,2.974676702171564,1,2.304281622171402,21,19,7,0,6.951848786324263,3.328327503055334
1,2023,220,7943,D S,24,1640,0,0.21774271875619888,0,0.21774271875619888,0,0.623787728138268,5,7,4,0,10.448413725942373,10.266164284199476
1,2023,220,11269,D M S,12,890,3,2.163621000945568,3,2.163621000945568,0,0.8382504060864449,14,8,1,0,4.8760778196156025,2.707413336262107
1,2023,220,9284,D M S,17,586,0,0.8932432122528553,0,0.8932432122528553,0,0.7571170665323734,11,5,2,0,2.4987766928970814,1.1246388629078865
1,2023,220,489,D M S,15,788,0,0.2864724565297365,0,0.2864724565297365,2,1.4874638468027115,5,16,3,0,4.586263053119183,4.168471843004227
1,2023,220,10807,D M S,28,2365,0,1.5838892180472612,0,1.5838892180472612,0,0.48821631632745266,15,10,4,0,11.12253069318831,10.831943391822278
1,2023,220,7235,GK,17,1530,0,0.0,0,0.0,0,0.0,0,0,0,0,3.745168898254633,3.745168898254633
1,2023,220,8272,F M S,31,2026,9,11.918903339654207,5,8.113133335486054,3,5.4223863165825605,75,37,2,0,17.548418318852782,7.590120053850114
1,2023,220,8780,D S,27,1549,1,0.7444530799984932,1,0.7444530799984932,1,0.5223252037540078,6,4,4,0,3.6864650389179587,3.0875401413068175
1,2023,220,11058,M S,12,476,0,1.770764671266079,0,1.770764671266079,2,2.3733056373894215,28,9,2,0,4.64084342494607,1.593938222154975
1,2023,220,10806,D F M S,19,1482,3,4.680040899664164,3,4.680040899664164,4,3.3876203782856464,34,25,4,0,14.050323814153671,8.15176310762763
1,2023,220,6048,D,33,2895,3,2.9649088978767395,3,2.9649088978767395,1,1.1697372319176793,34,13,7,1,13.593212680891156,13.529502967372537
1,2023,220,205,M S,9,462,0,0.16468830965459347,0,0.16468830965459347,1,1.1006960421800613,6,10,1,1,3.1638661548495293,2.4797462597489357
1,2023,220,12205,F S,3,64,0,0.07050485908985138,0,0.07050485908985138,0,0.0,1,0,1,0,0.0,0.0
1,2023,220,10453,D S,4,122,0,0.0,0,0.0,0,0.0,0,0,0,0,0.49596087634563446,0.49596087634563446
1,2023,220,239,D M S,36,3107,4,6.07863125950098,3,5.317462421953678,10,8.449651076458395,55,101,6,0,23.865680940449238,17.94647761248052
1,2023,220,11710,D F M S,31,2256,6,5.096701676025987,6,5.096701676025987,1,3.30205356515944,52,33,3,0,13.104233894497156,6.308099476620555
1,2023,220,6049,D M,7,571,3,2.7198847085237503,3,2.7198847085237503,1,0.9913322664797306,14,7,1,0,4.9072911739349365,2.40057972073555
1,2023,220,8226,D M S,19,923,0,0.570682673715055,0,0.570682673715055,3,1.210934355854988,6,10,3,0,2.8591504972428083,1.6079945554956794
1,2023,220,12498,D S,6,299,0,0.30768246576189995,0,0.30768246576189995,0,0.3052761070430279,4,4,1,0,2.3139365799725056,1.9353922195732594
1,2023,92,9913,M S,14,516,0,0.4020077884197235,0,0.4020077884197235,0,0.39152228832244873,6,1,1,0,1.2944342708215117,0.5336329033598304
1,2023,92,11699,D S,13,1055,1,1.2219129763543606,1,1.2219129763543606,0,0.09834579937160015,8,2,1,0,2.8363101556897163,1.7573904246091843
1,2023,92,11703,F S,6,141,0,0.17524435929954052,0,0.17524435929954052,0,0.04796999227255583,3,2,0,1,0.2102061901241541,0.0
1,2023,92,7027,GK,10,900,0,0.0,0,0.0,0,0.37258302234113216,0,4,0,0,2.251372165977955,1.878789134323597
1,2023,92,11702,M S,8,91,0,0.09858994465321302,0,0.09858994465321302,0,0.08922482281923294,4,1,0,0,0.16302035003900528,0.1271920781582594
1,2023,92,6044,D S,28,2336,1,0.24035568069666624,1,0.24035568069666624,1,1.8833663314580917,10,15,8,0,4.918537275865674,4.101939328014851
1,2023,92,5568,D S,14,804,0,0.0,0,0.0,1,0.31314151361584663,0,7,3,1,2.1132199577987194,1.9018691666424274
1,2023,92,8756,D S,33,2899,3,0.9073518002405763,3,0.9073518002405763,4,1.6444027656689286,19,13,5,1,4.856452916748822,4.503178563900292
1,2023,92,11295,F S,15,876,4,4.029318623244762,4,4.029318623244762,1,1.4943999461829662,19,8,1,0,4.770294601097703,0.415885504335165
1,2023,92,7264,S,3,9,0,0.0,0,0.0,0,0.0,0,0,0,0,0.0,0.0
1,2023,92,11998,D S,12,575,0,0.23279432207345963,0,0.23279432207345963,0,0.20352116599678993,4,4,2,0,1.6811544448137283,1.477633286267519
1,2023,92,11704,D S,8,440,0,0.07676978968083858,0,0.07676978968083858,0,0.029761802405118942,2,1,2,0,0.5405235048383474,0.5107617024332285
1,2023,92,712,S,4,16,0,0.0,0,0.0,0,0.0,0,0,0,0,0.24877267330884933,0.24877267330884933
1,2023,92,5355,F M S,32,1272,6,5.2944221664220095,5,4.533253343775868,0,1.4546170141547918,44,25,1,0,7.313723993487656,2.519299939274788
1,2023,92,9077,GK,28,2520,0,0.0,0,0.0,0,0.0,0,0,2,0,2.3824947578832507,2.3824947578832507
1,2023,92,844,F S,21,781,2,4.621791888028383,1,3.860623050481081,1,0.17110992223024368,22,4,0,0,3.988340836018324,0.8826676225289702
1,2023,92,1663,F M S,26,1175,1,2.048229966312647,1,2.048229966312647,3,3.143440945073962,15,34,2,0,6.296170109882951,2.9956371504813433
1,2023,92,8323,M S,33,2229,4,1.8306225752457976,4,1.8306225752457976,2,1.8270882591605186,28,34,4,1,6.495785586535931,4.306291623972356
1,2023,92,1018,M S,25,2072,2,0.532621605321765,2,0.532621605321765,3,1.9263525325804949,16,26,9,0,8.981078654527664,7.6769237499684095
1,2023,92,8973,D,15,1249,1,0.4085904136300087,1,0.4085904136300087,2,2.075187735259533,9,13,3,1,3.949996647424996,3.191625501960516
1,2023,92,6557,D,15,1252,0,0.42690371349453926,0,0.42690371349453926,1,0.4111006297171116,5,3,6,0,1.9057915396988392,1.516863290220499
1,2023,92,10620,F M S,15,1015,1,2.3243730422109365,1,2.3243730422109365,1,1.4566490054130554,23,11,0,0,3.7318228743970394,0.2789538074284792
1,2023,92,7498,F M S,24,1938,5,5.608147136867046,5,5.608147136867046,3,1.4990256652235985,34,19,0,1,8.676230592653155,2.611631980165839
1,2023,92,9487,D S,16,1314,0,0.24058250151574612,0,0.24058250151574612,0,0.012573497369885445,7,1,6,0,1.9057064168155193,1.8650701008737087
1,2023,92,6504,S,2,9,0,0.11657162755727768,0,0.11657162755727768,0,0.0,2,0,0,0,0.15364274382591248,0.037071119993925095
1,2023,92,12094,F M S,16,384,0,0.6615988579578698,0,0.6615988579578698,0,0.6491026850417256,5,7,0,0,0.9828745895065367,0.34004739159718156
1,2023,92,790,S,12,100,0,0.0,0,0.0,0,0.2518436722457409,0,4,1,0,0.9050039984285831,0.8224344961345196
1,2023,92,8285,M S,37,3020,1,2.1221074890345335,1,2.1221074890345335,2,3.1849441323429346,25,29,8,1,12.192523565143347,8.591317790560424
1,2023,92,11700,D M S,32,2324,0,1.7635137159377337,0,1.7635137159377337,2,1.0349685866385698,25,11,1,0,6.745405659079552,4.7740294598042965
1,2023,92,10822,F M S,29,2150,3,2.5438556540757418,3,2.5438556540757418,2,4.427815416827798,49,31,3,0,10.004786113277078,4.203309727832675
1,2023,92,11701,F M S,34,2025,5,6.100483123213053,4,5.3393142856657505,1,1.494755046442151,49,16,2,0,7.888359908014536,2.6891510486602783
1,2023,80,12086,S,1,1,0,0.0,0,0.0,0,0.0,0,0,0,0,0.0,0.0
1,2023,80,11595,D S,11,192,1,0.6408083289861679,1,0.6408083289861679,0,0.0,5,0,1,0,0.9851318392902613,0.509981470182538
1,2023,80,8384,F S,21,500,1,2.4893455486744642,1,2.4893455486744642,1,0.7393966801464558,13,4,0,0,4.2334747817367315,1.649859182536602
1,2023,80,6885,D S,31,2586,2,2.678889036178589,2,2.678889036178589,0,0.19504063576459885,16,3,6,0,14.653339916840196,14.106656992807984
1,2023,80,782,D S,13,771,0,1.2212005220353603,0,1.2212005220353603,1,1.793320189230144,12,14,5,0,3.850440725684166,1.9574524844065309
1,2023,80,7240,D S,18,1338,0,0.5172926671802998,0,0.5172926671802998,1,1.5548250479623675,6,6,2,0,8.460209622979164,8.366715781390667
1,2023,80,9356,M S,9,219,1,0.11761219799518585,1,0.11761219799518585,1,0.24838955141603947,3,5,2,0,0.47145750373601913,0.10545574314892292
1,2023,80,10433,S,11,48,0,0.0,0,0.0,0,0.11868480406701565,0,2,0,0,0.1853423323482275,0.0880566667765379
1,2023,80,9451,M S,12,289,0,0.0,0,0.0,0,0.18544436991214752,0,3,2,0,2.2840482108294964,2.163483928889036
1,2023,80,3300,F M S,11,416,3,2.4121735505759716,3,2.4121735505759716,0,0.2275804504752159,16,3,0,0,4.83782403729856,2.7286274563521147
1,2023,80,8497,F M S,34,2640,22,17.83224501274526,13,10.981725485995412,11,11.869294486939907,108,72,7,0,31.036520244553685,15.302413104102015
1,2023,80,9040,M,37,3171,5,4.717563968151808,5,4.717563968151808,7,5.792711144313216,48,52,7,1,25.90884201787412,18.712417108938098
1,2023,80,12033,S,2,7,0,0.12518750131130219,0,0.12518750131130219,0,0.0,1,0,0,0,0.19184502959251404,0.06665752828121185
1,2023,80,12032,GK S,23,1982,0,0.0,0,0.0,0,0.0,0,0,2,0,3.3123070560395718,3.3123070560395718
1,2023,80,11356,M S,28,2237,3,6.147583088837564,2,4.62524542491883,2,3.5588307976722717,47,32,7,0,18.34273999929428,12.553447233512998
1,2023,80,11807,M S,12,169,0,0.6834889836609364,0,0.6834889836609364,0,0.05732445325702429,5,2,1,0,1.3501509558409452,0.6530423145741224
1,2023,80,12497,S,1,1,0,0.0,0,0.0,0,0.0,0,0,0,0,0.0,0.0
1,2023,80,12535,S,1,1,0,0.0,0,0.0,0,0.0,0,0,0,0,0.0,0.0
1,2023,80,10805,D S,23,1813,1,0.7760256305336952,1,0.7760256305336952,1,1.2379922457039356,11,7,2,0,8.106331346556544,7.155624521896243
1,2023,80,9017,D S,27,1754,0,1.700457390397787,0,1.700457390397787,6,5.507309950888157,15,32,7,1,14.041902555152774,10.585735710337758
1,2023,80,7134,D S,21,1788,0,1.4538506548851728,0,1.4538506548851728,2,1.254556130617857,8,19,10,0,12.102387934923172,10.091670595109463
1,2023,80,11810,S,2,2,0,0.0,0,0.0,0,0.0,0,0,0,0,0.0,0.0
1,2023,80,9453,M S,35,2897,1,0.2973291608504951,1,0.2973291608504951,3,2.4989760648459196,13,22,11,0,25.048321802169085,23.26216376759112
1,2023,80,11305,F M S,31,1563,5,5.111277528107166,5,5.111277528107166,2,3.8853818774223328,35,32,5,0,10.99068268481642,4.357236756011844
1,2023,80,10048,F M S,35,2818,14,19.860593939200044,14,19.860593939200044,5,5.2836981769651175,80,36,10,0,27.917255371809006,7.270463835448027
1,2023,80,11357,M S,23,1066,5,3.0036024190485477,4,2.2424335815012455,2,2.160680465400219,32,20,2,0,7.7808678727597,4.740718839690089
1,2023,80,618,F M S,31,1987,8,8.573790527880192,8,8.573790527880192,4,4.971372967585921,51,30,7,0,19.289956534281373,8.898095147684216
1,2023,80,8067,D S,10,422,0,0.3389957156032324,0,0.3389957156032324,2,2.679515279829502,7,11,0,2,3.0341393500566483,1.8427834287285805
1,2023,80,9098,GK,16,1438,0,0.0,0,0.0,0,0.0,0,0,2,0,4.148339273408055,4.148339273408055
1,2023,80,10004,S,1,29,0,0.0,0,0.0,0,0.0,0,0,0,0,0.0,0.0
1,2023,80,3288,D S,31,2530,3,0.7915211245417595,3,0.7915211245417595,1,1.4041369603946805,14,9,4,0,14.303374078124762,14.190275978296995
1,2023,80,6615,D S,13,944,1,0.35911528021097183,1,0.35911528021097183,0,0.07494096830487251,2,2,1,0,4.417237082496285,4.417237082496285
1,2023,78,12409,M S,16,1333,0,0.35551161505281925,0,0.35551161505281925,3,2.5562784411013126,10,20,2,0,6.304625790566206,4.828129124827683
1,2023,78,8666,M,11,926,0,0.1988849276676774,0,0.1988849276676774,0,0.7361565185710788,6,10,2,0,3.296035975217819,2.666292503476143
1,2023,78,8430,D M S,26,2085,1,0.6396042630076408,1,0.6396042630076408,1,0.6775753749534488,11,6,3,0,5.3978734547272325,4.986880736425519
1,2023,78,12408,D,16,1440,0,1.7550712414085865,0,1.7550712414085865,4,3.085336983203888,8,21,4,0,6.9232857301831245,3.610450681298971
1,2023,78,11268,S,9,133,0,0.0,0,0.0,0,0.0,0,0,1,0,0.742124617099762,0.742124617099762
1,2023,78,7702,GK,18,1620,0,0.0,0,0.0,0,0.0,0,0,2,0,1.2326296400278807,1.2326296400278807
1,2023,78,8706,F M S,27,2097,11,9.37310928851366,10,8.611940443515778,4,6.844833366572857,83,54,3,0,16.38165108114481,6.3479389026761055
1,2023,78,6027,M S,9,219,0,0.05936440825462341,0,0.05936440825462341,0,0.0,1,0,0,0,1.6596563309431076,1.6002919226884842
1,2023,78,530,S,4,4,0,0.0,0,0.0,0,0.0,0,0,0,0,0.0,0.0
1,2023,78,5735,F S,35,2303,16,12.290523625910282,14,10.768185935914516,5,3.52706278860569,46,32,3,0,15.486321330070496,2.852151058614254
1,2023,78,2182,D M S,28,2413,1,2.384976907633245,1,2.384976907633245,1,2.4383071903139353,34,24,8,0,8.658741846680641,5.520685154944658
1,2023,78,757,F M S,29,1370,2,1.8823988568037748,2,1.8823988568037748,2,2.1711694821715355,19,18,1,0,6.629315219819546,2.9410562105476856
1,2023,78,9461,S,6,124,0,0.35584220476448536,0,0.35584220476448536,0,0.07684876397252083,5,2,0,0,1.1574715673923492,0.7433868646621704
1,2023,78,6314,D,38,3420,2,2.444138385821134,2,2.444138385821134,3,2.8891019374132156,21,21,7,0,10.297365324571729,9.6244976837188
1,2023,78,510,D S,26,1985,0,0.7851169966161251,0,0.7851169966161251,1,0.09658221155405045,10,2,4,0,5.3411974757909775,5.244141489267349
1,2023,78,672,F M S,35,2563,4,4.262499047443271,4,4.262499047443271,7,4.95881259907037,48,25,7,1,10.702397212386131,5.5203778790310025
1,2023,78,7603,D M S,25,2021,0,0.4888940155506134,0,0.4888940155506134,1,0.962568361312151,5,7,2,0,6.667929092422128,6.454947093501687
1,2023,78,12152,M S,10,197,0,0.2915826556272805,0,0.2915826556272805,1,0.8639639485627413,8,6,1,0,1.1256566774100065,0.5917453020811081
1,2023,78,9948,F M S,19,1281,10,5.6874131839722395,9,4.926244312897325,6,5.196664724498987,56,35,0,0,12.075153382495046,5.0466043297201395
1,2023,78,9274,S,20,282,0,0.5298433359712362,0,0.5298433359712362,0,0.05646481364965439,9,1,2,1,2.506193021312356,1.9648387469351292
1,2023,78,603,D S,19,1341,0,0.18276398722082376,0,0.18276398722082376,0,0.15016059577465057,4,3,0,0,3.289492018520832,3.0100313499569893
1,2023,78,3697,F M S,30,1534,7,7.869511350989342,7,7.869511350989342,0,1.0359194399788976,51,18,4,0,8.31682275235653,2.1359799914062023
1,2023,78,9834,S,1,1,0,0.0,0,0.0,0,0.0,0,0,0,0,0.0,0.0
1,2023,78,978,GK,20,1800,0,0.0,0,0.0,0,0.0,0,0,1,0,1.9733385294675827,1.9733385294675827
1,2023,78,8214,D,37,3221,2,2.2116162590682507,2,2.2116162590682507,3,3.6366397831588984,12,24,6,0,12.8683971920982,8.858033265918493
1,2023,78,6104,M S,30,1924,0,0.30102055706083775,0,0.30102055706083775,1,1.7067030258476734,8,21,6,0,5.737615456804633,5.330458853393793
1,2023,72,1726,M,32,2678,7,10.20444649644196,7,10.20444649644196,1,2.55271128565073,47,33,7,0,13.33745107613504,5.22493714094162
1,2023,72,500,M S,32,2398,5,5.662265548482537,5,5.662265548482537,2,4.8107705460861325,55,52,2,0,16.545354936271906,8.541501207277179
1,2023,72,9667,M S,30,2093,2,2.553437914699316,2,2.553437914699316,0,2.4138805400580168,29,18,5,0,10.676468232646585,8.992594484239817
1,2023,72,2383,M S,12,476,1,0.31534918770194054,1,0.31534918770194054,0,0.26019739359617233,8,3,4,0,1.3486489057540894,0.9295541495084763
1,2023,72,8066,F M S,14,572,1,3.4230369105935097,1,3.4230369105935097,0,0.8538514971733093,25,6,0,0,4.255711138248444,0.09537248313426971
1,2023,72,631,D M S,31,2305,0,0.5671309139579535,0,0.5671309139579535,0,2.473125728778541,13,21,5,1,6.803516559302807,5.159970347769558
1,2023,72,7689,D S,15,1131,0,2.1673798076808453,0,2.1673798076808453,0,0.20296811684966087,15,3,2,0,1.4282750822603703,1.147367212921381
1,2023,72,9983,F S,30,898,3,7.16694748448208,3,6.405778587330133,0,1.1942407237365842,43,11,2,0,7.352622885257006,1.000561224296689
1,2023,72,5555,F S,32,2234,7,13.627293583005667,5,12.104955926537514,2,3.068425781559199,73,19,2,0,11.614983171224594,1.8352613244205713
1,2023,72,6756,D M S,35,2914,3,3.64070400595665,3,3.64070400595665,6,10.325187070295215,57,69,2,0,14.694117410108447,5.355050271376967
1,2023,72,668,M S,25,1930,4,1.6615520063787699,4,1.6615520063787699,0,1.0346810910850763,26,15,8,0,7.9041884783655405,5.927652306854725
1,2023,72,8720,M S,29,2229,3,4.149862082675099,3,4.149862082675099,3,4.3471535332500935,34,27,1,0,8.462419219315052,2.3600274678319693
1,2023,72,7438,M S,37,3016,1,2.2248211354017258,1,2.2248211354017258,2,5.287607742473483,41,43,7,0,9.332132609561086,5.183267613872886
1,2023,72,1665,D,38,3420,1,3.3438648656010628,1,3.3438648656010628,1,2.9575961800292134,25,21,11,0,6.766535404138267,6.192924220114946
1,2023,72,8476,D,35,3122,3,1.9108920088037848,3,1.9108920088037848,0,0.9319860828109086,14,4,8,0,6.321832184214145,6.261263381689787
1,2023,72,741,GK,38,3420,0,0.0,0,0.0,0,0.1356039261445403,0,4,5,0,4.561621826142073,4.441057674586773
1,2023,72,10027,M S,12,198,1,0.502917317673564,1,0.502917317673564,0,0.4989037085324526,5,4,1,0,0.6766481157392263,0.13552195951342583
1,2023,72,10775,S,1,1,0,0.0,0,0.0,0,0.0,0,0,0,0,0.0,0.0
1,2023,72,1653,D S,9,432,1,0.9261618256568909,1,0.9261618256568909,0,0.0,6,0,2,0,0.8365163393318653,0.8365163393318653
1,2023,72,10292,D S,20,979,0,0.45207766257226467,0,0.45207766257226467,2,1.616803351789713,4,8,4,0,5.134298218414187,3.8557239081710577
1,2023,72,585,D S,12,654,0,0.0,0,0.0,0,0.8893022555857897,0,3,0,0,2.3442040607333183,1.454901821911335
1,2023,72,11232,S,1,1,0,0.0,0,0.0,0,0.0,0,0,0,0,0.0,0.0
1,2023,72,9287,S,1,1,0,0.0,0,0.0,0,0.0,0,0,0,0,0.0,0.0
1,2023,72,10291,D,28,2482,2,1.9085629284381866,2,1.9085629284381866,0,1.246465403586626,26,13,0,0,7.135594544932246,5.507095940411091
1,2023,72,11984,F S,18,159,0,0.6035170843824744,0,0.6035170843824744,0,0.4252763092517853,6,3,3,0,1.2006155140697956,0.23790132626891136
1,2023,228,900,M S,17,310,2,1.4920614697039127,2,1.4920614697039127,3,0.7020887192338705,11,7,2,0,1.841224255040288,0.19511876441538334
1,2023,228,773,S,1,31,0,0.1909874528646469,0,0.1909874528646469,0,0.0,2,0,0,0,0.1909874528646469,0.0
1,2023,228,922,M S,37,2756,3,5.155889482237399,3,5.155889482237399,7,6.918029231950641,52,83,7,0,15.476547078229487,7.726291726343334
1,2023,228,8940,D,37,3290,0,0.8533244347199798,0,0.8533244347199798,6,3.767484251409769,16,31,6,0,13.781186819076538,11.46092726662755
1,2023,228,181,GK,38,3420,0,0.0,0,0.0,0,0.0,0,0,3,0,4.714530278928578,4.714530278928578
1,2023,228,6827,F M S,33,1431,6,5.469232198782265,6,5.469232198782265,2,1.5773739200085402,33,17,4,0,6.414783387444913,1.6770686488598585
1,2023,228,11728,D S,29,2278,1,0.3684718329459429,1,0.3684718329459429,0,0.10597540438175201,5,2,4,1,8.236559823155403,8.236559823155403
1,2023,228,7395,F S,13,286,2,1.6243880316615105,2,1.6243880316615105,0,0.5761066563427448,9,5,2,0,3.164248041808605,1.0699065858498216
1,2023,228,5803,S,6,41,0,0.0,0,0.0,0,0.0,0,0,1,0,0.6374003142118454,0.6374003142118454
1,2023,228,910,M S,27,1298,0,0.28592466469854116,0,0.28592466469854116,2,1.2897144686430693,9,14,6,0,4.717917591333389,4.137020692229271
1,2023,228,5596,F M S,35,1576,4,2.8195397332310677,4,2.8195397332310677,6,3.1505596097558737,39,22,6,0,7.545763581991196,3.50857000797987
1,2023,228,3203,D S,18,1435,0,0.26873418875038624,0,0.26873418875038624,0,0.0,5,0,2,1,2.9229609984904528,2.9229609984904528
1,2023,228,10715,M S,33,2742,4,3.245512000285089,4,3.245512000285089,1,0.8451391234993935,44,12,13,0,11.165684594772756,9.492066229693592
1,2023,228,5973,D S,14,880,1,1.1781789623200893,1,1.1781789623200893,0,0.16147804353386164,4,3,2,0,1.8050313368439674,1.7335399203002453
1,2023,228,10719,S,1,75,0,0.33846035599708557,0,0.33846035599708557,0,0.0,1,0,0,0,0.33846035599708557,0.0
1,2023,228,4105,F S,24,1423,7,5.9900733437389135,7,5.9900733437389135,0,1.6923745833337307,41,11,3,1,7.9016893692314625,1.7369755171239376
1,2023,228,10717,F S,26,1602,9,8.481916300952435,9,8.481916300952435,1,1.3883774541318417,72,16,1,0,9.755544383078814,2.1016076635569334
1,2023,228,1537,M S,24,1107,1,1.2816824559122324,1,1.2816824559122324,0,0.6108460575342178,13,10,3,0,4.723364921286702,3.862767720595002
1,2023,228,7184,D S,18,1513,1,0.960849940776825,1,0.960849940776825,0,0.0,1,0,2,1,4.037653112784028,4.037653112784028
1,2023,228,6157,D S,34,2627,1,1.3355903550982475,1,1.3355903550982475,3,1.5853081783279777,14,18,3,0,8.171432700008154,6.209871254861355
1,2023,228,6835,M S,34,1427,1,1.009905599988997,1,1.009905599988997,4,3.1143901832401752,17,25,3,0,9.088703569956124,7.377049610950053
1,2023,228,5590,D S,20,1618,2,0.9477480566129088,2,0.9477480566129088,0,0.13653935492038727,14,2,2,0,5.4755807258188725,5.466204304248095
1,2023,228,700,F M S,31,2080,4,5.017656198702753,2,3.495318523608148,2,4.14518438372761,45,45,1,0,13.592191327363253,9.297335214912891
1,2023,87,8379,M S,33,2661,5,3.998983211815357,4,3.237814389169216,5,3.578091200441122,44,47,7,1,22.71393956243992,18.186699956655502
1,2023,87,1257,GK,28,2520,0,0.0,0,0.0,0,0.0,0,0,1,0,8.493492092937231,8.493492092937231
1,2023,87,1688,D S,23,1684,3,2.4325872622430325,3,2.4325872622430325,2,6.65541476290673,12,62,2,0,15.87774301506579,10.361629979684949
1,2023,87,11231,S,1,6,0,0.0,0,0.0,0,0.0,0,0,0,0,0.0,0.0
1,2023,87,10997,M S,5,79,0,0.0737958550453186,0,0.0737958550453186,0,0.0,2,0,0,0,0.2553020417690277,0.2216729074716568
1,2023,87,7904,GK,10,900,0,0.0,0,0.0,0,0.044807832688093185,0,1,0,0,3.1609220281243324,3.1609220281243324
1,2023,87,11296,F M S,35,1640,8,8.769219513982534,8,8.769219513982534,5,4.2288118079304695,66,25,1,0,17.55027423426509,6.47403072565794
1,2023,87,10120,D S,11,776,1,0.9028667435050011,1,0.9028667435050011,3,1.9515707418322563,12,15,2,0,6.451037675142288,4.833862990140915
1,2023,87,6665,M S,23,1152,1,2.483465351164341,1,2.483465351164341,1,0.9511555470526218,19,11,3,1,9.832491017878056,6.74063022620976
1,2023,87,10720,F S,36,2037,11,19.187851031310856,11,18.42668213415891,8,5.950456521473825,108,33,9,0,25.07862750068307,5.313199203461409
1,2023,87,6854,F S,21,1164,10,6.724682793021202,10,6.724682793021202,3,3.19649357162416,41,23,1,1,12.289753511548042,5.313873592764139
1,2023,87,9788,M S,33,2135,3,3.519060474820435,3,3.519060474820435,2,5.657645266503096,60,55,1,0,21.230980657041073,15.891304083168507
1,2023,87,7546,F M S,34,1268,3,2.5765033923089504,3,2.5765033923089504,6,4.262343382462859,49,36,2,0,14.047137239947915,9.563051972538233
1,2023,87,6326,D S,22,1555,0,0.5480835782364011,0,0.5480835782364011,0,0.5098369065672159,11,8,3,1,10.232070155441761,10.100398369133472
1,2023,87,11811,S,3,3,0,0.0,0,0.0,0,0.0,0,0,0,0,0.0,0.0
1,2023,87,10187,D S,17,1182,2,1.4266883935779333,2,1.4266883935779333,0,0.07552261091768742,6,3,1,0,7.204154305160046,7.149779371917248
1,2023,87,12455,S,2,6,0,0.0,0,0.0,0,0.0,0,0,1,0,0.0,0.0
1,2023,87,332,D S,10,798,0,0.5547500364482403,0,0.5547500364482403,0,0.049058178439736366,5,2,2,0,4.6627917140722275,4.635653033852577
1,2023,87,987,D M S,32,1749,0,0.8164968742057681,0,0.8164968742057681,1,1.5004456005990505,19,21,5,0,10.545846451073885,8.967196764424443
1,2023,87,10118,S,1,1,0,0.0,0,0.0,0,0.0,0,0,0,0,0.0,0.0
1,2023,87,8852,D S,13,667,0,0.09273439832031727,0,0.09273439832031727,3,1.1678164629265666,3,16,0,0,2.015436552464962,1.7746542319655418
1,2023,87,10408,F S,37,2706,8,12.864595355466008,8,12.864595355466008,5,6.482230054214597,94,64,3,0,24.42669267952442,10.309036564081907
1,2023,87,1250,F S,32,2556,18,21.941274393349886,13,16.613166783005,10,12.332044444978237,114,66,2,0,31.875095803290606,8.363566914573312
1,2023,87,10119,S,1,5,0,0.0,0,0.0,0,0.0,0,0,0,0,0.5044733881950378,0.5044733881950378
1,2023,87,10697,M S,26,1116,1,1.7132481131702662,1,1.7132481131702662,0,1.0920489802956581,23,15,0,0,7.440316876396537,5.028185680508614
1,2023,87,10723,S,1,23,0,0.0,0,0.0,0,0.0,0,0,0,0,0.0,0.0
1,2023,87,229,S,1,1,0,0.0,0,0.0,0,0.0,0,0,0,0,0.0,0.0
1,2023,87,1791,D S,28,2190,3,2.745258178561926,3,2.745258178561926,4,8.361615665256977,47,64,6,0,19.35842103511095,14.500512413680553
1,2023,87,833,D,36,3177,2,3.299967482686043,2,3.299967482686043,2,1.8630620841868222,45,11,3,1,18.085036668926477,17.597938928753138
1,2023,87,8808,M S,29,1718,1,0.4377728682011366,1,0.4377728682011366,0,1.4933863505721092,10,16,10,0,12.217629071325064,11.228149242699146
1,2023,256,9689,M S,17,1331,1,0.7531502321362495,1,0.7531502321362495,3,1.4872490242123604,8,9,4,0,4.319001622498035,3.1800113022327423
1,2023,256,11723,D S,37,2980,2,1.831780318170786,2,1.831780318170786,8,6.612265331670642,26,70,5,0,11.054738521575928,7.9952765721827745
1,2023,256,11713,D,21,1724,0,0.4993779337964952,0,0.4993779337964952,0,0.3448488349094987,2,8,0,0,5.261379264295101,4.456334888935089
1,2023,256,775,F M S,27,1211,1,1.4216714538633823,1,1.4216714538633823,3,1.456837410107255,20,18,1,0,2.8022335171699524,1.2012790031731129
1,2023,256,11717,F M S,38,2879,11,12.306741118431091,6,8.500896904617548,4,3.6919509368017316,72,22,4,0,12.545526312664151,5.202579701319337
1,2023,256,11721,F S,24,344,1,0.9773385636508465,1,0.9773385636508465,1,1.1986291874200106,16,10,2,0,2.1638130135834217,0.34370357915759087
1,2023,256,11719,D F M S,30,1984,4,4.80650751106441,4,4.80650751106441,1,3.4691168274730444,35,27,1,0,10.154046710580587,3.8293104991316795
1,2023,256,12509,D S,10,583,0,0.10021312907338142,0,0.10021312907338142,0,0.5188488382846117,2,3,0,0,2.0648620426654816,1.5119032934308052
1,2023,256,11718,F M S,27,1422,10,6.630781220272183,10,6.630781220272183,0,0.8136616554111242,31,14,1,0,8.281278105452657,1.9411640595644712
1,2023,256,12549,D S,8,419,0,0.18410924077033997,0,0.18410924077033997,0,0.13074029795825481,5,2,1,0,0.5668405517935753,0.25199100375175476
1,2023,256,12151,D,21,1853,2,1.2455969844013453,2,1.2455969844013453,0,0.09535873681306839,10,2,3,0,2.9620273392647505,2.8737573195248842
1,2023,256,9619,D S,24,1748,0,0.3038460947573185,0,0.3038460947573185,2,3.148332368582487,6,16,7,0,6.17993501201272,3.283387303352356
1,2023,256,11720,F M S,19,1031,2,3.0787864811718464,2,3.0787864811718464,0,0.8424425385892391,25,8,4,0,3.890200674533844,0.4202767349779606
1,2023,256,11724,S,1,10,0,0.0,0,0.0,0,0.0,0,0,0,0,0.0,0.0
1,2023,256,12187,M S,23,1326,1,0.9263012297451496,1,0.9263012297451496,1,1.848531438037753,17,12,4,0,4.373950673267245,2.6069892831146717
1,2023,256,11980,S,2,75,0,0.0,0,0.0,0,0.0,0,0,1,0,0.035104941576719284,0.035104941576719284
1,2023,256,11722,M S,17,272,2,1.1334221102297306,2,1.1334221102297306,1,0.06163011118769646,8,1,1,0,0.8148019686341286,0.2390769198536873
1,2023,256,11715,D S,8,390,1,0.6939341500401497,1,0.6939341500401497,0,0.0,3,0,1,0,0.6146718375384808,0.04231686517596245
1,2023,256,8040,M,13,1140,0,0.1364169279113412,0,0.1364169279113412,0,0.3258170820772648,5,7,5,0,3.025253765285015,2.7535953894257545
1,2023,256,11716,M S,27,1068,0,1.2606520606204867,0,1.2606520606204867,0,0.5314477952197194,11,6,1,0,2.659800674766302,1.222071398049593
1,2023,256,1771,D S,22,1691,0,2.1644996237009764,0,2.1644996237009764,4,2.3214404489845037,13,13,5,0,4.144421625882387,3.8680728431791067
1,2023,256,592,M S,32,2627,5,4.483209175989032,5,4.483209175989032,4,4.823556295596063,66,43,6,0,11.164351560175419,5.912003388628364
1,2023,256,7277,D S,11,492,0,0.14714428782463074,0,0.14714428782463074,0,0.22607613913714886,2,5,0,0,0.7447603233158588,0.5261147022247314
1,2023,256,7439,D F M S,33,1978,4,3.5191842010244727,4,3.5191842010244727,0,0.43756147287786007,30,9,4,0,5.8977455431595445,3.575332073494792
1,2023,256,12073,D S,30,2465,1,0.6793681988492608,1,0.6793681988492608,0,0.3480907082557678,11,6,3,0,3.329129146412015,2.983856063336134
1,2023,256,11712,GK,38,3410,0,0.0,0,0.0,0,0.0386374369263649,0,1,3,0,2.81331679597497,2.7746793553233147
1,2023,256,11714,D,14,1185,1,1.6194254234433174,1,1.6194254234433174,1,0.3757978826761246,7,3,4,0,1.8655977360904217,0.9909860678017139
1,2023,256,12188,S,2,2,0,0.0,0,0.0,0,0.0,0,0,0,0,0.06752422451972961,0.06752422451972961
1,2023,88,2498,S,1,6,0,0.11228246241807938,0,0.11228246241807938,0,0.0,1,0,0,0,0.0,0.0
1,2023,88,3635,M S,33,2599,6,4.0968160554766655,6,4.0968160554766655,9,8.528519937768579,34,65,8,0,24.37213490717113,15.577253567054868
1,2023,88,6054,GK,33,2794,0,0.0,0,0.0,0,0.0,0,0,5,0,8.03402054309845,8.03402054309845
1,2023,88,8260,F S,31,2581,27,31.65399668365717,20,25.564646281301975,5,4.7517555598169565,122,29,1,0,30.19725350290537,3.128645434975624
1,2023,88,675,M S,20,975,3,2.3835059702396393,3,2.3835059702396393,1,2.7743227388709784,22,26,6,0,11.642571322619915,7.49614975694567
1,2023,88,10126,F M S,31,1848,3,3.202349577099085,2,2.4411807619035244,3,3.0651655746623874,26,28,2,0,7.374102478846908,2.796986948233098
1,2023,88,586,D M S,16,1060,1,0.7489623166620731,1,0.7489623166620731,0,0.261431485414505,4,6,2,0,6.698675032705069,6.489708628505468
1,2023,88,9790,D S,28,2335,4,3.0817854246124625,4,3.0817854246124625,1,2.115578116849065,32,19,3,0,18.244669392704964,14.99465874582529
1,2023,88,10846,F M S,36,2682,11,14.373571239411831,9,12.851233504712582,8,5.823111834935844,98,66,2,0,27.162230297923088,13.089299127459526
1,2023,88,8981,D M S,29,1616,3,3.7698520198464394,3,3.7698520198464394,8,5.476052410900593,56,45,3,0,14.622362297028303,7.702265929430723
1,2023,88,8719,M S,12,358,0,0.19420802872627974,0,0.19420802872627974,0,0.0,5,0,1,1,1.1170908715575933,0.9405870689079165
1,2023,88,447,M S,18,1233,4,2.5787349939346313,4,2.5787349939346313,10,11.979073725640774,44,58,2,0,15.635810784995556,7.777100384235382
1,2023,88,638,D S,32,2770,0,0.3650220464915037,0,0.3650220464915037,4,3.342263269238174,16,25,2,0,21.998310588300228,20.06531212478876
1,2023,88,6490,D M S,30,2517,2,2.200386293232441,2,2.200386293232441,0,0.5265345014631748,15,13,2,1,16.700940661132336,15.83909061923623
1,2023,88,2254,M S,30,1540,1,1.42939617857337,1,1.42939617857337,0,1.6855967957526445,22,21,4,0,13.513947013765574,12.226292986422777
1,2023,88,11000,M S,19,817,0,0.9250318259000778,0,0.9250318259000778,2,1.5578467566519976,10,12,0,1,6.406420938670635,4.531493496149778
1,2023,88,579,D S,29,2046,2,2.1801057858392596,2,2.1801057858392596,2,1.736834991723299,20,10,0,0,13.195554159581661,12.08234017342329
1,2023,88,11903,M S,14,269,1,1.49422175437212,1,1.49422175437212,1,1.187767542898655,4,8,0,0,5.021226137876511,2.8755914717912674
1,2023,88,6055,F M S,35,2895,19,11.307983005419374,19,11.307983005419374,8,8.51623285189271,105,73,2,0,30.41696721315384,16.99899828247726
1,2023,88,10847,D M S,16,802,2,0.8562885001301765,2,0.8562885001301765,0,1.7641991823911667,5,13,1,0,6.614272229373455,4.863891489803791
1,2023,88,2496,M,34,2967,8,4.294270480051637,8,4.294270480051637,9,5.32604681327939,62,50,8,1,31.623008400201797,26.291744768619537
1,2023,88,8961,D S,30,2552,0,1.828122090548277,0,1.828122090548277,0,0.600502266548574,20,7,0,0,16.81101167947054,16.458546616137028
1,2023,88,6656,S,6,29,0,0.6195764094591141,0,0.6195764094591141,1,0.12880565226078033,2,1,0,0,0.9868094772100449,0.3672330677509308
1,2023,88,8786,GK S,9,626,0,0.0,0,0.0,0,0.0,0,0,0,0,1.7157262079417706,1.7157262079417706
1,2023,89,5584,D S,22,1784,0,0.14621218293905258,0,0.14621218293905258,2,1.4311098009347916,3,12,4,0,7.737613718956709,6.425123929977417
1,2023,89,10552,M S,36,2601,7,9.865097627043724,7,9.865097627043724,4,5.915270071476698,100,46,4,0,18.36983707919717,5.9700166545808315
1,2023,89,8127,M S,9,375,1,0.5594709701836109,1,0.5594709701836109,1,1.0110422410070896,10,10,1,0,2.2942124884575605,1.4572133403271437
1,2023,89,10913,GK,38,3420,0,0.0,0,0.0,0,0.13173804059624672,0,3,5,0,4.992942536249757,4.861204484477639
1,2023,89,553,F S,13,430,1,1.0567390732467175,1,1.0567390732467175,0,0.2762942183762789,6,6,0,0,1.701497795060277,0.41217057779431343
1,2023,89,11094,M S,29,1329,1,3.4931225115433335,1,3.4931225115433335,1,3.495804164558649,43,22,5,0,11.48103859461844,6.454792508855462
1,2023,89,1228,F M,35,3121,10,10.746266636997461,6,6.940422397106886,8,13.15852378681302,95,113,9,0,22.69340828806162,12.64676270633936
1,2023,89,2248,D M S,25,2006,1,3.123898906633258,1,3.123898906633258,2,1.3856250941753387,38,16,7,0,8.275429267436266,6.855192001909018
1,2023,89,646,M S,22,1130,1,0.6886363411322236,1,0.6886363411322236,2,2.3459482928738,13,27,1,0,5.237064341083169,3.57036822848022
1,2023,89,11987,S,1,1,0,0.0,0,0.0,0,0.0,0,0,0,0,0.0,0.0
1,2023,89,7281,D S,36,3171,2,1.3286937261000276,2,1.3286937261000276,3,3.0855262465775013,30,38,4,1,10.952797057107091,8.364923918619752
1,2023,89,8821,S,1,1,0,0.03228488191962242,0,0.03228488191962242,0,0.06568886339664459,1,1,0,0,0.09797374159097672,0.0
1,2023,89,12568,S,3,9,0,0.0,0,0.0,0,0.0,0,0,0,0,0.0,0.0
1,2023,89,9324,M S,9,144,0,0.37423551455140114,0,0.37423551455140114,1,0.07077087461948395,4,1,0,0,1.411473162472248,0.9664667788892984
1,2023,89,9558,M S,5,124,1,0.01660188101232052,1,0.01660188101232052,0,0.2175336331129074,1,2,1,0,0.6164471115916967,0.3823116421699524
1,2023,89,1687,D S,22,1645,2,2.137907139956951,2,2.137907139956951,2,1.306744921952486,20,6,3,0,5.5030854400247335,4.45605625025928
1,2023,89,6345,S,3,68,0,0.0,0,0.0,0,0.12816749513149261,0,1,0,0,0.2712413966655731,0.1430738866329193
1,2023,89,807,D S,23,1399,0,0.08175858855247498,0,0.08175858855247498,1,0.7122423723340034,1,6,2,0,3.112667176872492,3.084139473736286
1,2023,89,11174,M,24,1980,3,0.7737709768116474,3,0.7737709768116474,1,0.8450042605400085,11,15,3,0,5.0805817022919655,3.867461297661066
1,2023,89,10802,D S,11,656,0,0.0,0,0.0,1,0.047665963880717754,0,3,3,0,2.1589127592742443,2.1222109608352184
1,2023,89,1006,D,12,976,0,0.07127450406551361,0,0.07127450406551361,0,0.954092476516962,2,13,6,0,2.18767312169075,1.9797745142132044
1,2023,89,556,F M S,33,2292,7,7.661536030471325,5,6.13919834792614,2,2.390108224004507,62,24,2,0,12.686340739950538,4.950286580249667
1,2023,89,7768,M S,14,501,1,0.6238168478012085,1,0.6238168478012085,0,0.37420978117734194,5,6,2,0,3.08113169670105,2.231110103428364
1,2023,89,12340,M S,4,62,0,0.04880104586482048,0,0.04880104586482048,1,0.12782835587859154,1,2,0,0,0.06839122623205185,0.03421920910477638
1,2023,89,2245,D S,22,1374,1,1.1560358591377735,1,1.1560358591377735,0,0.08104487508535385,8,1,2,0,4.322573345154524,3.4524471573531628
1,2023,89,11055,F S,30,2210,10,9.338883213698864,10,9.338883213698864,2,1.779460173100233,38,28,2,0,11.463255237787962,2.9498381465673447
1,2023,89,5560,F M S,32,1861,7,6.777370238676667,7,6.777370238676667,1,1.0619673654437065,44,11,2,0,9.31455492042005,3.7229946237057447
1,2023,89,7927,D M S,21,922,0,0.07372471690177917,0,0.07372471690177917,0,0.2675175704061985,3,6,6,0,2.209341010078788,2.0533030200749636
1,2023,89,6080,D S,19,1340,1,0.43084179423749447,1,0.43084179423749447,1,0.2853157091885805,6,8,2,0,3.862116176635027,3.649274256080389
1,2023,89,12275,D S,8,318,0,0.0,0,0.0,0,0.0,0,0,1,0,0.38690609484910965,0.38690609484910965
1,2023,86,12199,S,2,5,0,0.0,0,0.0,0,0.0,0,0,0,0,0.0,0.0
1,2023,86,5232,F S,30,2305,21,22.07426631450653,16,17.507253035902977,2,3.6520401313900948,78,27,1,0,24.041151970624924,5.754798140376806
1,2023,86,12200,S,1,1,0,0.0,0,0.0,0,0.0,0,0,0,0,0.0,0.0
1,2023,86,8150,F M S,35,2956,11,11.293779235333204,10,10.53261036798358,10,8.833045985549688,81,56,10,1,26.570194900035858,11.442161984741688
1,2023,86,12198,S,1,18,0,0.0,0,0.0,0,0.0,0,0,0,0,0.0,0.0
1,2023,86,8327,M,37,3292,7,4.978310074657202,7,4.978310074657202,8,7.888791332021356,48,62,8,0,23.880530774593353,18.56961396895349
1,2023,86,468,F S,20,963,9,10.12450959533453,7,8.602172024548054,1,0.9339367430657148,35,8,3,0,10.547705547884107,1.8611295819282532
1,2023,86,7382,D S,33,2763,2,4.111052492633462,2,4.111052492633462,2,1.8968225196003914,23,9,4,0,15.2240951359272,13.172115057706833
1,2023,86,9154,D F M S,21,997,0,1.3419555649161339,0,1.3419555649161339,2,1.5226023513823748,19,15,3,0,6.666737984865904,4.969087693840265
1,2023,86,1545,D S,17,912,0,0.22536493092775345,0,0.22536493092775345,0,0.9704459868371487,4,9,2,0,4.405003933236003,3.7778926361352205
1,2023,86,76,D S,36,3057,4,2.679914410226047,4,2.679914410226047,1,1.2247396316379309,35,9,5,0,13.900441944599152,13.216225143522024
1,2023,86,6681,F M S,21,738,5,3.467865003272891,5,3.467865003272891,3,4.21071451343596,27,13,3,0,9.07958210259676,2.550239199772477
1,2023,86,6063,D F M S,21,1216,3,2.8978680092841387,3,2.8978680092841387,7,5.225788880139589,30,31,1,0,11.551701165735722,4.93473332002759
1,2023,86,766,D S,16,1072,1,1.0759279876947403,1,1.0759279876947403,0,0.036406565457582474,6,2,4,0,3.6166847310960293,3.5107219703495502
1,2023,86,9959,S,4,8,0,0.0,0,0.0,0,0.0,0,0,1,0,0.0,0.0
1,2023,86,6630,M S,9,419,1,1.0462103113532066,1,1.0462103113532066,0,0.44771592877805233,7,7,0,0,2.0969158485531807,0.6613700017333031
1,2023,86,87,F M S,20,1289,2,2.5591788068413734,2,2.5591788068413734,1,2.958754763007164,19,23,6,0,10.31060659699142,6.361314440146089
1,2023,86,652,D S,28,2255,1,0.6469280309975147,1,0.6469280309975147,10,8.592840051278472,8,66,5,0,13.876140996813774,10.365714758634567
1,2023,86,10216,D S,18,748,1,0.41603143885731697,1,0.41603143885731697,0,0.30109941959381104,11,3,2,0,6.00943548977375,5.44678489677608
1,2023,86,11386,M S,17,1223,1,1.1169020980596542,1,1.1169020980596542,3,1.546121459454298,13,12,1,0,6.223425015807152,4.03523076325655
1,2023,86,37,GK,1,90,0,0.0,0,0.0,0,0.0,0,0,0,0,0.0,0.0
1,2023,86,6532,GK S,23,1983,0,0.0,0,0.0,0,0.12002640217542648,0,1,1,0,3.5433348193764687,3.4233084097504616
1,2023,86,461,S,13,97,1,1.525990355759859,1,1.525990355759859,0,0.0,6,0,1,0,2.365898761898279,0.8581954278051853
1,2023,86,884,D S,3,78,0,0.0,0,0.0,0,0.06273338198661804,0,1,1,0,0.08886169828474522,0.026128316298127174
1,2023,86,12215,S,1,1,0,0.0,0,0.0,0,0.0,0,0,0,0,0.0,0.0
1,2023,86,7420,F S,33,1967,3,5.132560992613435,3,5.132560992613435,1,3.0761873684823513,41,25,2,0,12.225016118958592,5.606135703623295
1,2023,86,5552,GK,15,1347,0,0.016498630866408348,0,0.016498630866408348,0,0.0,1,0,1,0,4.397169943898916,4.397169943898916
1,2023,86,853,S,5,11,0,0.0,0,0.0,0,0.0,0,0,0,0,0.03596547618508339,0.03596547618508339
1,2023,86,7958,M S,8,436,1,0.8581285923719406,1,0.8581285923719406,0,0.5521692577749491,3,7,2,0,3.416136920452118,2.1788286715745926
1,2023,86,7078,M S,35,2748,6,7.077314300462604,6,7.077314300462604,2,3.0185976549983025,41,20,7,0,17.2361901816912,9.9536661230959
1,2023,86,8635,D S,17,1383,2,0.9827942438423634,2,0.9827942438423634,2,1.1396078020334244,10,5,2,0,5.531088795512915,5.531088795512915
1,2023,86,9512,D S,26,1275,1,0.961045878008008,1,0.961045878008008,0,1.0808788742870092,4,12,1,0,6.6416795793920755,5.265429927036166
1,2023,249,9833,D S,11,771,0,0.08128143101930618,0,0.08128143101930618,0,0.07729564048349857,1,2,2,0,1.927911488339305,1.8260405641049147
1,2023,249,11808,S,1,3,0,0.07211316376924515,0,0.07211316376924515,0,0.0,2,0,0,0,0.027800722047686577,0.027800722047686577
1,2023,249,9524,F M S,36,2430,5,6.7731207851320505,5,6.7731207851320505,9,7.090984374284744,54,33,1,0,17.626320507377386,5.61586544662714
1,2023,249,12034,S,1,1,0,0.0,0,0.0,0,0.0,0,0,0,0,0.0,0.0
1,2023,249,10760,F M S,35,2350,5,12.170278270728886,5,12.170278270728886,10,7.638319082558155,53,46,3,0,21.61685962975025,3.084777120500803
1,2023,249,6456,F M S,29,1844,8,3.01959465444088,8,3.01959465444088,1,3.0873287972062826,38,36,0,0,12.357455093413591,6.948451370000839
1,2023,249,532,M S,12,199,0,0.4007705431431532,0,0.4007705431431532,0,0.05584664270281792,5,1,2,0,0.8718480132520199,0.4558485820889473
1,2023,249,4456,F S,31,1797,14,13.364272002130747,14,13.364272002130747,1,1.987032251432538,48,22,0,0,15.345352198928595,0.9163662036880851
1,2023,249,11317,F M S,29,1799,2,1.6652069194242358,2,1.6652069194242358,2,1.5294003784656525,23,20,4,0,10.227419295348227,7.997594775632024
1,2023,249,484,F M S,20,557,0,1.545853216201067,0,1.545853216201067,1,1.5920869708061218,14,7,1,0,4.103459514677525,1.0764283947646618
1,2023,249,7921,D S,7,369,0,0.17141835950315,0,0.17141835950315,0,0.03801676072180271,3,2,3,0,1.4830044843256474,1.4425167199224234
1,2023,249,8191,M S,9,206,0,0.20879216119647026,0,0.20879216119647026,1,0.39245820976793766,5,6,0,0,1.2173451017588377,0.8090423513203859
1,2023,249,9897,D S,14,809,0,0.11951960995793343,0,0.11951960995793343,2,1.7303651086986065,3,9,5,0,4.5273467022925615,3.0314525980502367
1,2023,249,10758,D S,23,1439,1,1.4097881969064474,1,1.4097881969064474,3,1.481477415189147,8,18,3,0,4.174264665693045,2.7104875817894936
1,2023,249,5722,M S,17,1053,0,0.8340437468141317,0,0.8340437468141317,0,0.35079983808100224,8,7,6,0,4.501044608652592,3.5168560035526752
1,2023,249,10756,D S,7,440,0,0.08149255812168121,0,0.08149255812168121,0,0.12857882678508759,2,2,0,1,0.3787533640861511,0.3787533640861511
1,2023,249,10700,GK,17,1530,0,0.0,0,0.0,0,0.0,0,0,1,0,1.9971356615424156,1.9971356615424156
1,2023,249,6903,GK,16,1440,0,0.0,0,0.0,0,0.06965266913175583,0,1,1,0,0.8204675614833832,0.7508148960769176
1,2023,249,6857,F M S,37,3177,5,6.069625414907932,4,5.308456636965275,10,9.522167706862092,71,74,9,0,18.272872403264046,9.268674820661545
1,2023,249,5989,D S,21,1446,1,1.166658602654934,1,1.166658602654934,0,0.09786215238273144,5,3,3,1,5.4206202663481236,5.337864320725203
1,2023,249,12123,D,32,2813,0,1.6653295904397964,0,1.6653295904397964,2,1.2170642092823982,17,8,5,0,8.485122511163354,7.43321305885911
1,2023,249,8204,D M S,26,1622,0,0.9342501480132341,0,0.9342501480132341,1,1.1115016266703606,15,11,4,0,4.656272342428565,3.0113450456410646
1,2023,249,8252,M S,26,1543,2,1.7021510526537895,2,1.7021510526537895,2,0.9089695196598768,22,10,4,0,6.102301966398954,3.8425266593694687
1,2023,249,9691,D S,8,447,0,0.17316641379147768,0,0.17316641379147768,0,0.24934393167495728,7,2,2,0,0.6703841388225555,0.3541552796959877
1,2023,249,375,GK,5,450,0,0.0,0,0.0,0,0.03266533091664314,0,1,0,0,1.0999388750642538,1.0672735627740622
1,2023,249,725,D S,22,1730,1,0.29650082159787416,1,0.29650082159787416,1,0.7307851929217577,11,11,3,0,6.002222128212452,5.237075835466385
1,2023,249,6088,M S,20,1599,1,0.8923602215945721,1,0.8923602215945721,0,0.28679931722581387,10,6,6,0,3.6685553789138794,2.841583462432027
1,2023,249,12418,S,4,11,0,0.0,0,0.0,0,0.0,0,0,0,0,0.0,0.0
1,2023,249,11003,M S,35,1967,1,2.6223334167152643,1,2.6223334167152643,1,1.0064595751464367,32,7,6,0,7.967897219583392,5.582980010658503
1,2023,249,10757,D,5,420,0,0.17008375376462936,0,0.17008375376462936,0,0.19044238328933716,2,3,0,0,0.285503588616848,0.18080484867095947
1,2023,249,3600,D S,12,843,0,0.20426762104034424,0,0.20426762104034424,2,0.6003383956849575,6,3,2,0,2.7418938018381596,2.1127189621329308
1,2023,249,7814,F S,20,1066,6,5.060870740562677,6,5.060870740562677,3,1.6294344998896122,22,10,2,0,6.060688458383083,1.5500111253932118
1,2023,249,6850,D S,20,1461,2,1.4704081807285547,2,1.4704081807285547,1,1.3754375465214252,14,8,1,1,4.124650048092008,3.0947159733623266
1,2023,238,11731,D M S,20,948,0,0.49446123093366623,0,0.49446123093366623,0,0.09243074618279934,9,3,1,0,1.294992309063673,0.9438477288931608
1,2023,238,10386,D S,31,2646,2,3.4643044117838144,2,3.4643044117838144,0,0.9506413880735636,19,7,9,1,5.8164455853402615,2.930068898946047
1,2023,238,11730,M S,15,394,0,0.8026072084903717,0,0.8026072084903717,0,0.48480090498924255,8,3,2,0,1.5446888133883476,0.4106670431792736
1,2023,238,9222,S,2,8,0,0.0,0,0.0,0,0.0,0,0,0,0,0.0,0.0
1,2023,238,11732,D S,32,2576,0,0.6636047475039959,0,0.6636047475039959,0,1.102281242609024,8,8,4,0,2.3531993981450796,1.6658160258084536
1,2023,238,11815,F M,14,1134,6,6.060540288686752,5,5.29937145113945,1,1.6426486261188984,35,8,3,0,7.229928359389305,1.5459889732301235
1,2023,238,7714,D M S,24,1343,0,0.17907935101538897,0,0.17907935101538897,2,1.0758813545107841,4,13,3,0,3.0705280490219593,2.045230019837618
1,2023,238,11729,F M S,8,360,0,0.3212226927280426,0,0.3212226927280426,0,0.3953269124031067,1,4,0,0,1.2498194947838783,0.6901140883564949
1,2023,238,7704,D M S,8,298,0,0.4091367721557617,0,0.4091367721557617,0,0.142877459526062,2,2,1,0,0.30363729596138,0.30363729596138
1,2023,238,9509,S,1,15,0,0.0,0,0.0,0,0.0,0,0,0,0,0.0,0.0
1,2023,238,7706,D S,13,965,0,0.024696996435523033,0,0.024696996435523033,1,0.8560367710888386,1,7,4,0,1.778840757906437,1.5442426055669785
1,2023,238,11839,F M S,36,2986,4,2.4141162959858775,4,2.4141162959858775,6,6.986010514199734,49,68,9,0,9.918377881404012,4.241241263225675
1,2023,238,8923,GK,9,776,0,0.0,0,0.0,0,0.0,0,0,1,0,0.5941517408937216,0.5941517408937216
1,2023,238,8286,D S,34,2885,1,1.5116838621906936,1,1.5116838621906936,1,1.087454216554761,14,12,10,0,3.866813466884196,2.7258199555799365
1,2023,238,9205,D M S,34,2817,3,2.6024017240852118,3,2.6024017240852118,0,0.7326478343456984,32,10,8,0,5.202804431319237,2.6289064050652087
1,2023,238,7703,D,6,491,0,0.2383595146238804,0,0.2383595146238804,0,0.0,3,0,2,0,0.3853593021631241,0.2653413340449333
1,2023,238,7709,M S,4,82,0,0.0,0,0.0,0,0.10508622229099274,0,1,1,0,0.14322500303387642,0.038138783536851406
1,2023,238,8562,D M S,12,940,0,0.6857008039951324,0,0.6857008039951324,0,0.06999615393579006,6,2,3,0,1.4491792991757393,0.7634785007685423
1,2023,238,985,D S,10,718,0,0.9260915219783783,0,0.9260915219783783,0,0.4414309561252594,3,1,3,1,1.08466067770496,0.6432297215797007
1,2023,238,8918,D S,10,499,0,0.9397587776184082,0,0.9397587776184082,0,0.012994728051126003,2,1,1,0,1.840770854614675,0.8880173694342375
1,2023,238,12449,M S,12,954,0,0.021724281832575798,0,0.021724281832575798,0,1.0297467429190874,1,12,2,0,2.8812288218177855,2.644879447761923
1,2023,238,1736,F S,21,1290,6,7.429724760353565,4,5.907387010753155,3,2.1915900241583586,33,12,3,2,6.99262013938278,2.891832641325891
1,2023,238,7710,M S,27,1413,1,0.9864262714982033,0,0.22529425099492073,0,0.6933921938762069,15,16,8,0,2.788633189164102,2.4070543106645346
1,2023,238,5569,F S,13,302,0,0.34494016505777836,0,0.34494016505777836,0,0.10135408118367195,7,2,0,1,0.784455269575119,0.3381610158830881
1,2023,238,12291,D S,5,107,0,0.0,0,0.0,0,0.026197632774710655,0,1,1,0,0.08285419456660748,0.05665656179189682
1,2023,238,12158,S,1,4,0,0.0,0,0.0,0,0.0,0,0,0,0,0.0,0.0
1,2023,238,12465,S,1,24,0,0.0,0,0.0,0,0.0,0,0,0,0,0.07648201286792755,0.07648201286792755
1,2023,238,12251,S,1,6,0,0.0,0,0.0,0,0.0,0,0,0,0,0.0,0.0
1,2023,238,1042,M S,9,194,0,0.25131772086024284,0,0.25131772086024284,0,0.034635528922080994,4,1,2,0,0.6308722272515297,0.43550220504403114
1,2023,238,10872,D M S,36,2676,1,0.5002630027011037,1,0.5002630027011037,0,0.7816855013370514,14,5,3,0,4.085046709049493,2.9888922558166087
1,2023,238,8776,GK S,30,2644,0,0.0,0,0.0,0,0.06504426151514053,0,1,2,0,0.9430307522416115,0.877986490726471
1,2023,238,9556,F S,21,769,0,2.0722835399210453,0,2.0722835399210453,0,0.09878482669591904,21,1,4,0,2.056103426963091,0.1622651368379593
1,2023,238,10041,D S,11,531,0,0.25878923665732145,0,0.25878923665732145,0,0.3102901801466942,6,2,1,0,1.0104657374322414,0.45326434820890427
1,2023,82,12105,S,8,27,1,0.20565900206565857,1,0.20565900206565857,0,0.0,2,0,1,0,0.20565900206565857,0.0
1,2023,82,660,D S,17,1067,1,2.077168807387352,1,2.077168807387352,0,0.31063371151685715,12,4,2,0,7.61443617939949,6.318940620869398
1,2023,82,7338,M S,11,182,0,0.7904373183846474,0,0.7904373183846474,0,0.19244391098618507,4,4,0,0,2.1181607861071825,1.3597642369568348
1,2023,82,7218,D,33,2796,5,3.9851038865745068,5,3.9851038865745068,0,0.3418706227093935,24,7,7,1,17.811701461672783,16.453976824879646
1,2023,82,9332,S,4,16,0,0.0,0,0.0,0,0.0,0,0,0,0,0.0,0.0
1,2023,82,6249,S,1,77,0,0.11006297916173935,0,0.11006297916173935,0,0.0,1,0,1,0,0.1389056295156479,0.1389056295156479
1,2023,82,6691,F M S,36,2787,8,5.835474932566285,8,5.835474932566285,3,8.615606566891074,57,65,7,0,23.71713701635599,12.507268408313394
1,2023,82,7430,D S,22,1145,1,0.17714704759418964,1,0.17714704759418964,0,0.4156769150868058,6,3,4,0,4.4803829826414585,4.325593873858452
1,2023,82,643,D S,4,187,0,0.0,0,0.0,0,0.0,0,0,0,0,0.2850276902318001,0.2850276902318001
1,2023,82,5681,M S,22,466,2,0.4979793429374695,2,0.4979793429374695,2,1.6030264683067799,13,17,2,0,3.47848142310977,2.747926991432905
1,2023,82,8858,GK,38,3420,0,0.0,0,0.0,0,0.0,0,0,2,0,6.606127485632896,6.606127485632896
1,2023,82,448,S,5,71,0,0.13002459704875946,0,0.13002459704875946,1,1.1601292341947556,2,5,2,0,1.8040422052145004,0.9906977340579033
1,2023,82,8831,D,28,2437,2,2.81389419734478,2,2.81389419734478,3,2.5504489485174417,9,24,5,1,14.848989471793175,10.906614396721125
1,2023,82,6818,M S,28,2206,4,6.2975962068885565,4,6.2975962068885565,9,7.142374597489834,57,66,5,0,20.873470183461905,12.04095826484263
1,2023,82,12118,S,3,3,0,0.0,0,0.0,0,0.0,0,0,1,0,0.0,0.0
1,2023,82,10716,M S,5,194,0,0.3894983045756817,0,0.3894983045756817,2,0.9335471913218498,7,12,1,0,2.0264496579766273,1.147088959813118
1,2023,82,10050,D,27,2345,3,0.9709036685526371,3,0.9709036685526371,0,0.03540848568081856,8,1,5,0,10.605861792340875,10.423011044040322
1,2023,82,12603,S,2,2,0,0.0,0,0.0,0,0.0,0,0,0,0,0.0,0.0
1,2023,82,7198,D M S,21,660,0,0.6823929585516453,0,0.6823929585516453,0,0.541032612323761,4,7,3,0,5.0269977785646915,4.433636624366045
1,2023,82,9021,M S,34,2141,3,3.842421315610409,3,3.842421315610409,3,2.0322468373924494,36,20,9,0,16.10821724496782,11.238362627103925
1,2023,82,6912,D,35,3101,3,2.83508870145306,3,2.83508870145306,7,7.285218555480242,53,52,3,0,20.235827142372727,15.794150441884995
1,2023,82,343,M S,36,1212,0,0.544023672118783,0,0.544023672118783,0,1.134924995712936,19,8,4,0,11.555909689515829,10.493784312158823
1,2023,82,9105,D S,9,417,0,0.07337670773267746,0,0.07337670773267746,0,0.0,1,0,1,0,2.9626500830054283,2.889273375272751
1,2023,82,6026,F M S,28,1511,11,9.619059151038527,11,9.619059151038527,4,1.9676255472004414,61,15,3,0,12.735109627246857,2.2886698860675097
1,2023,82,6108,M S,23,1016,1,1.622593866661191,1,1.622593866661191,1,0.5037150774151087,18,8,7,0,8.576564118266106,7.389497200027108
1,2023,82,453,F M S,35,2989,17,12.978620901703835,15,11.45628322660923,10,13.341020658612251,85,69,1,0,30.115575216710567,10.445971379056573
1,2023,82,65,F M S,13,827,2,4.212947295978665,2,4.212947295978665,3,3.4769514203071594,29,15,1,0,10.507240116596222,3.767841313034296
1,2023,82,5609,M S,28,2120,0,1.1663736272603273,0,1.1663736272603273,0,0.4049058575183153,24,10,8,2,11.2580073364079,10.58978133648634
1,2023,81,534,D S,11,414,0,0.0,0,0.0,0,0.4446245804429054,0,5,1,0,0.32303913682699203,0.2730376645922661
1,2023,81,2310,GK,31,2715,0,0.0,0,0.0,0,0.0,0,0,1,0,1.7693296167999506,1.7693296167999506
1,2023,81,528,D S,11,629,0,0.0406796969473362,0,0.0406796969473362,0,0.0,1,0,1,0,0.21213871613144875,0.17145901918411255
1,2023,81,6424,D M S,14,509,0,0.21550948731601238,0,0.21550948731601238,0,0.0,6,0,1,0,0.6861794609576464,0.5518248528242111
1,2023,81,986,F M S,20,342,1,1.2228488996624947,1,1.2228488996624947,0,0.37887247279286385,12,5,1,0,1.6572822146117687,0.3996972218155861
1,2023,81,11242,S,5,67,0,0.05428127571940422,0,0.05428127571940422,0,0.0,1,0,0,0,0.05428127571940422,0.0
1,2023,81,11926,M S,31,2405,1,1.2118008164688945,1,1.2118008164688945,1,0.5929595055058599,17,12,11,0,6.416552271693945,5.055172272026539
1,2023,81,1245,D S,36,3163,1,1.6024377886205912,1,1.6024377886205912,2,1.5223980667069554,19,23,10,0,8.584011431783438,6.391479849815369
1,2023,81,12474,S,3,21,1,0.6298984289169312,1,0.6298984289169312,0,0.0,1,0,0,0,0.6298984289169312,0.0
1,2023,81,843,M S,37,3025,7,5.6392913637682796,5,4.116953688673675,7,8.108484361320734,44,64,4,0,11.991799759678543,7.065227452665567
1,2023,81,1776,F M,34,3026,16,13.498636420816183,16,13.498636420816183,6,6.437707958742976,85,32,2,0,17.76942592486739,2.457054629921913
1,2023,81,11409,S,1,1,0,0.0,0,0.0,0,0.0,0,0,0,0,0.0,0.0
1,2023,81,6722,D S,19,1490,1,0.8723389487713575,1,0.8723389487713575,0,0.1037653312087059,12,2,2,0,1.4041581582278013,1.1598989609628916
1,2023,81,935,D S,33,2849,3,2.339608912356198,3,2.339608912356198,0,0.18288415484130383,16,4,3,0,3.844586410559714,3.714732094667852
1,2023,81,7365,F M,31,2676,4,4.605092185549438,2,3.0827545104548335,6,5.833031775429845,42,41,10,0,13.320021394640207,7.106406299397349
1,2023,81,706,GK S,10,706,0,0.0,0,0.0,0,0.0,0,0,0,0,0.3157586343586445,0.3157586343586445
1,2023,81,3278,M S,7,101,1,0.5305153168737888,1,0.5305153168737888,0,0.16100368462502956,4,4,0,0,0.6300216317176819,0.10632330924272537
1,2023,81,531,F S,26,1775,6,6.025665767490864,6,6.025665767490864,2,1.559285182505846,30,9,6,0,8.23398894816637,2.5248712673783302
1,2023,81,12027,F M S,33,2490,8,5.1772670187056065,8,5.1772670187056065,6,3.5089522134512663,66,28,6,0,11.516938520595431,4.337017804384232
1,2023,81,6935,D,21,1871,1,1.6546711716800928,1,1.6546711716800928,0,0.2851862292736769,14,4,1,1,3.5052518025040627,3.46653238683939
1,2023,81,2335,M S,15,392,0,0.2919035069644451,0,0.2919035069644451,0,0.5666238348931074,7,5,0,0,1.4481733404099941,0.9896499309688807
1,2023,81,3585,M S,13,619,0,1.9243336878716946,0,1.1631648428738117,1,1.6338380239903927,19,11,1,0,4.428546093404293,1.7844416052103043
1,2023,81,2674,S,4,12,0,0.0,0,0.0,0,0.0,0,0,2,0,0.09207619726657867,0.09207619726657867
1,2023,81,8288,M S,37,2885,7,7.466816443949938,7,7.466816443949938,2,2.1494441609829664,42,20,7,0,12.123065176419914,6.039048316888511
1,2023,81,8965,D,36,3153,0,0.28548409417271614,0,0.28548409417271614,7,4.300948256626725,8,33,5,1,10.106693800538778,6.967354290187359
1,2023,229,8119,M S,24,760,0,0.2670730333775282,0,0.2670730333775282,0,0.28133357409387827,11,5,4,0,3.788605699315667,3.4077476616948843
1,2023,229,804,D,25,2214,1,1.3575858976691961,1,1.3575858976691961,1,1.350392846390605,16,9,7,0,4.3896971847862005,4.195270133204758
1,2023,229,11361,GK S,5,379,0,0.0,0,0.0,0,0.0,0,0,0,0,0.46794790774583817,0.46794790774583817
1,2023,229,12047,S,1,1,0,0.0,0,0.0,0,0.0,0,0,0,0,0.0,0.0
1,2023,229,8778,F S,8,257,0,0.913575079292059,0,0.913575079292059,0,0.2420392744243145,7,4,2,0,1.1997973173856735,0.16965851187705994
1,2023,229,8845,F M S,29,2154,12,8.681871520355344,11,7.920702653005719,3,3.1403315979987383,45,17,6,0,12.023936153389513,2.6239349097013474
1,2023,229,10140,D M S,22,706,0,0.2772597037255764,0,0.2772597037255764,0,0.8462303951382637,5,5,1,0,2.2125213155522943,1.421666874550283
1,2023,229,7762,D F M S,22,938,2,1.361364832147956,2,1.361364832147956,1,0.9551639519631863,15,12,0,1,3.1770667880773544,1.5232742801308632
1,2023,229,2280,S,1,1,0,0.0,0,0.0,0,0.0,0,0,0,0,0.0,0.0
1,2023,229,9740,GK,35,3041,0,0.0,0,0.0,0,0.0,0,0,1,0,2.765407490544021,2.765407490544021
1,2023,229,11384,M S,34,2690,2,1.8554088305681944,2,1.8554088305681944,1,1.327573673799634,26,19,11,0,6.302764528430998,4.639164644293487
1,2023,229,12532,F S,3,178,0,0.14485104009509087,0,0.14485104009509087,0,0.0,2,0,0,0,0.05850440636277199,0.013132527470588684
1,2023,229,1299,M S,35,3002,4,4.610754423774779,4,4.610754423774779,1,1.7865049708634615,48,20,10,1,8.971558410674334,6.0500337686389685
1,2023,229,7080,F M S,32,2499,12,10.229120277799666,11,9.467951440252364,7,3.920058634132147,73,28,8,0,12.985038012266159,2.336798165924847
1,2023,229,6852,D M S,30,1087,1,1.1126765199005604,1,1.1126765199005604,0,1.0989295095205307,8,12,2,0,3.6199135687202215,2.180733907967806
1,2023,229,7332,D,38,3420,2,2.598186601884663,2,2.598186601884663,0,1.1396792819723487,14,17,7,0,9.353960192762315,8.874694420956075
1,2023,229,11210,F S,7,175,0,0.4309285432100296,0,0.4309285432100296,0,0.06609408743679523,3,2,1,0,0.6629210263490677,0.1658984124660492
1,2023,229,6163,D M,36,3127,0,1.232096817344427,0,1.232096817344427,1,2.0054253563284874,17,24,10,1,8.870165027678013,6.637749888934195
1,2023,229,2199,F M S,30,1763,4,5.981299871578813,2,4.458962256088853,7,6.066077848896384,46,52,5,0,10.232647370547056,3.582952373661101
1,2023,229,6382,F M S,20,1524,2,3.287029344588518,2,3.287029344588518,9,5.216042526066303,36,37,4,0,8.703318819403648,2.2079212702810764
1,2023,229,6674,D M S,33,2391,2,3.2441271310672164,2,3.2441271310672164,1,2.3514519911259413,23,25,7,0,10.710126422345638,6.927929415367544
1,2023,229,10945,D S,12,817,0,0.0,0,0.0,0,0.190905986353755,0,2,1,0,2.1081051090732217,1.93471594247967
1,2023,229,8812,F S,11,132,2,1.3522434905171394,2,1.3522434905171394,0,1.0801250115036964,4,4,0,0,2.5644532591104507,0.15924052149057388
1,2023,229,12234,F S,8,129,0,0.1088726669549942,0,0.1088726669549942,0,0.0158984512090683,3,1,1,0,0.1717495657503605,0.0712861530482769
1,2023,229,8496,M S,26,1175,0,0.4136425852775574,0,0.4136425852775574,0,0.6756884949281812,14,8,2,0,4.574842236936092,4.24587644636631
1,2023,229,10293,D S,35,2789,1,1.6792987622320652,1,1.6792987622320652,3,1.210701234638691,10,6,7,0,5.863689404912293,5.540323508903384
